Senior data scientist,https://krasnodar.hh.ru/vacancy/54418768?from=vacancy_search_list&hhtmFrom=vacancy_search_list&query=Data%20Scientist,АО Банк ДОМ.РФ,https://hh.ru/,,,
Data Scientist (Sber AI Lab: Applied Research),https://krasnodar.hh.ru/vacancy/55299103?from=vacancy_search_list&hhtmFrom=vacancy_search_list&query=Data%20Scientist,Сбер для экспертов,https://hh.ru/,220000230000.0,220000230000.0,руб.
Data Scientist в области рекомендательных систем,https://krasnodar.hh.ru/vacancy/54682944?from=vacancy_search_list&hhtmFrom=vacancy_search_list&query=Data%20Scientist,Сбер. IT,https://hh.ru/,,,
Data Scientist,https://krasnodar.hh.ru/vacancy/49423067?from=vacancy_search_list&hhtmFrom=vacancy_search_list&query=Data%20Scientist,Точка,https://hh.ru/,380000.0,380000.0,руб.
Data scientist,https://krasnodar.hh.ru/vacancy/55860435?from=vacancy_search_list&hhtmFrom=vacancy_search_list&query=Data%20Scientist,ООО УЦ Новый шаг,https://hh.ru/,140000.0,140000.0,руб.
Data scientist (Junior/Middle) в консалтинг,https://krasnodar.hh.ru/vacancy/55074464?from=vacancy_search_list&hhtmFrom=vacancy_search_list&query=Data%20Scientist,ООО БСТ Менеджмент-Консалтинг,https://hh.ru/,,,
Аналитик данных / Data Scientist,https://krasnodar.hh.ru/vacancy/55567683?from=vacancy_search_list&hhtmFrom=vacancy_search_list&query=Data%20Scientist,ЭКОПСИ Консалтинг,https://hh.ru/,,,
Junior Data scientist/ Младший риск-аналитик,https://krasnodar.hh.ru/vacancy/54882705?from=vacancy_search_list&hhtmFrom=vacancy_search_list&query=Data%20Scientist,Pay P.S.,https://hh.ru/,,,
Data Scientist,https://krasnodar.hh.ru/vacancy/55853838?from=vacancy_search_list&hhtmFrom=vacancy_search_list&query=Data%20Scientist,Selecty,https://hh.ru/,,,
Data Scientist в Data Accelerator (ML),https://krasnodar.hh.ru/vacancy/55098469?from=vacancy_search_list&hhtmFrom=vacancy_search_list&query=Data%20Scientist,Леруа Мерлен. Центральный офис,https://hh.ru/,,,
Data scientist / Product analyst,https://krasnodar.hh.ru/vacancy/54786210?from=vacancy_search_list&hhtmFrom=vacancy_search_list&query=Data%20Scientist,Bip.ru,https://hh.ru/,200000250000.0,200000250000.0,руб.
Data Scientist,https://krasnodar.hh.ru/vacancy/55862838?from=vacancy_search_list&hhtmFrom=vacancy_search_list&query=Data%20Scientist,ПАО Первая Грузовая Компания,https://hh.ru/,,,
Data Scientist (Marketplace Efficiency),https://krasnodar.hh.ru/vacancy/55485778?from=vacancy_search_list&hhtmFrom=vacancy_search_list&query=Data%20Scientist,inDriver,https://hh.ru/,,,
Data Scientist / ML-инженер (Big Data),https://krasnodar.hh.ru/vacancy/54996943?from=vacancy_search_list&hhtmFrom=vacancy_search_list&query=Data%20Scientist,"ПАО «МТС», IT",https://hh.ru/,,,
Senior Data Scientist,https://krasnodar.hh.ru/vacancy/55582370?from=vacancy_search_list&hhtmFrom=vacancy_search_list&query=Data%20Scientist,Hunt For You,https://hh.ru/,60007000.0,60007000.0,USD
Senior Data Scientist,https://krasnodar.hh.ru/vacancy/55577445?from=vacancy_search_list&hhtmFrom=vacancy_search_list&query=Data%20Scientist,ООО JSA Group,https://hh.ru/,200000400000.0,200000400000.0,руб.
Senior Data Scientist,https://krasnodar.hh.ru/vacancy/55229134?from=vacancy_search_list&hhtmFrom=vacancy_search_list&query=Data%20Scientist,Top Remote Talent,https://hh.ru/,40005000.0,40005000.0,USD
Data Scientist (MTS AI),https://krasnodar.hh.ru/vacancy/55099911?from=vacancy_search_list&hhtmFrom=vacancy_search_list&query=Data%20Scientist,"ПАО «МТС», IT",https://hh.ru/,,,
Python analytics/ Data Scientist,https://krasnodar.hh.ru/vacancy/55580591?from=vacancy_search_list&hhtmFrom=vacancy_search_list&query=Data%20Scientist,ПерилаГлавСнаб,https://hh.ru/,,,
Data Scientist (Middle),https://krasnodar.hh.ru/vacancy/50630870?from=vacancy_search_list&hhtmFrom=vacancy_search_list&query=Data%20Scientist,билайн: ИТ и Digital,https://hh.ru/,,,
Риск-Аналитик/Data scientist,https://krasnodar.hh.ru/vacancy/55309562?from=vacancy_search_list&hhtmFrom=vacancy_search_list&query=Data%20Scientist,WIAM,https://hh.ru/,,,
Data scientist (RecSys),https://krasnodar.hh.ru/vacancy/55594648?from=vacancy_search_list&hhtmFrom=vacancy_search_list&query=Data%20Scientist,Сбер. Data Science,https://hh.ru/,,,
Data Scientist (Почта),https://krasnodar.hh.ru/vacancy/55035851?from=vacancy_search_list&hhtmFrom=vacancy_search_list&query=Data%20Scientist,"VK, Почтовые сервисы",https://hh.ru/,,,
Senior Data Scientist по направлению биоинформатика,https://krasnodar.hh.ru/vacancy/55318384?from=vacancy_search_list&hhtmFrom=vacancy_search_list&query=Data%20Scientist,Институт искусственного интеллекта AIRI,https://hh.ru/,,,
Senior Data Scientist,https://krasnodar.hh.ru/vacancy/55581328?from=vacancy_search_list&hhtmFrom=vacancy_search_list&query=Data%20Scientist,"VK, Delivery Club",https://hh.ru/,,,
Data Scientist (middle+/senior),https://krasnodar.hh.ru/vacancy/54974571?from=vacancy_search_list&hhtmFrom=vacancy_search_list&query=Data%20Scientist,"РЕСО-Гарантия, САО",https://hh.ru/,,,
Data Engineer,https://krasnodar.hh.ru/vacancy/55189559?from=vacancy_search_list&hhtmFrom=vacancy_search_list&query=Data%20Scientist,билайн: ИТ и Digital,https://hh.ru/,,,
Data Scientist,https://krasnodar.hh.ru/vacancy/54738403?from=vacancy_search_list&hhtmFrom=vacancy_search_list&query=Data%20Scientist,ФГБУ ЦСП ФМБА России,https://hh.ru/,,,
Data Scientist (Валидация скоринговых моделей),https://krasnodar.hh.ru/vacancy/50388691?from=vacancy_search_list&hhtmFrom=vacancy_search_list&query=Data%20Scientist,Банк ВТБ (ПАО),https://hh.ru/,,,
Senior Data Scientist (computer vision),https://krasnodar.hh.ru/vacancy/54717873?from=vacancy_search_list&hhtmFrom=vacancy_search_list&query=Data%20Scientist,inDriver,https://hh.ru/,,,
Руководитель команды по работе с данными (data-scientist),https://krasnodar.hh.ru/vacancy/55859386?from=vacancy_search_list&hhtmFrom=vacancy_search_list&query=Data%20Scientist,НСК,https://hh.ru/,,,
Data Scientist (CV Researcher),https://krasnodar.hh.ru/vacancy/55559675?from=vacancy_search_list&hhtmFrom=vacancy_search_list&query=Data%20Scientist,Сбер. IT,https://hh.ru/,,,
Аналитик данных (Data Scientist),https://krasnodar.hh.ru/vacancy/55514389?from=vacancy_search_list&hhtmFrom=vacancy_search_list&query=Data%20Scientist,Интеллектуальные решения,https://hh.ru/,100000200000.0,100000200000.0,руб.
Data Scientist на продукт скоринг,https://krasnodar.hh.ru/vacancy/55536655?from=vacancy_search_list&hhtmFrom=vacancy_search_list&query=Data%20Scientist,"ПАО «МТС», IT",https://hh.ru/,,,
Data Scientist,https://krasnodar.hh.ru/vacancy/55083625?from=vacancy_search_list&hhtmFrom=vacancy_search_list&query=Data%20Scientist,"Технологии Доверия, Департамент Консалтинг",https://hh.ru/,,,
Machine Learning Engineer,https://krasnodar.hh.ru/vacancy/55595118?from=vacancy_search_list&hhtmFrom=vacancy_search_list&query=Data%20Scientist,Сбер. Data Science,https://hh.ru/,,,
Data Scientist,https://krasnodar.hh.ru/vacancy/55569027?from=vacancy_search_list&hhtmFrom=vacancy_search_list&query=Data%20Scientist,МСП Банк,https://hh.ru/,,,
Middle data scientist (Рекомендательные системы),https://krasnodar.hh.ru/vacancy/54692864?from=vacancy_search_list&hhtmFrom=vacancy_search_list&query=Data%20Scientist,"Компания «СПОРТМАСТЕР», Sportmaster Lab",https://hh.ru/,,,
Data scientist,https://krasnodar.hh.ru/vacancy/54430140?from=vacancy_search_list&hhtmFrom=vacancy_search_list&query=Data%20Scientist,EcoFinance,https://hh.ru/,,,
Senior Data Scientist (Antifraud),https://krasnodar.hh.ru/vacancy/54789914?from=vacancy_search_list&hhtmFrom=vacancy_search_list&query=Data%20Scientist,inDriver,https://hh.ru/,,,
IT - Data & Business Analyst,https://krasnodar.hh.ru/vacancy/55573516?from=vacancy_search_list&hhtmFrom=vacancy_search_list&query=Data%20Scientist,Valuement Russia,https://hh.ru/,,,
Аналитик данных / Data analyst / Data scientist,https://krasnodar.hh.ru/vacancy/55096122?from=vacancy_search_list&hhtmFrom=vacancy_search_list&query=Data%20Scientist,ООО АТОН,https://hh.ru/,,,
Senior Data Scientist (ML),https://krasnodar.hh.ru/vacancy/55094281?from=vacancy_search_list&hhtmFrom=vacancy_search_list&query=Data%20Scientist,Сбер. Data Science,https://hh.ru/,,,
Middle Data Scientist/Data Analyst,https://krasnodar.hh.ru/vacancy/52305783?from=vacancy_search_list&hhtmFrom=vacancy_search_list&query=Data%20Scientist,ООО START.RU,https://hh.ru/,,,
Data Scientist,https://krasnodar.hh.ru/vacancy/51611398?from=vacancy_search_list&hhtmFrom=vacancy_search_list&query=Data%20Scientist,ООО Эр-1,https://hh.ru/,,,
Senior Data Scientist (NLP),https://krasnodar.hh.ru/vacancy/43658985?from=vacancy_search_list&hhtmFrom=vacancy_search_list&query=Data%20Scientist,ООО Актион Технологии,https://hh.ru/,,,
Риск-Аналитик (Data scientist),https://krasnodar.hh.ru/vacancy/55186446?from=vacancy_search_list&hhtmFrom=vacancy_search_list&query=Data%20Scientist,ID Finance,https://hh.ru/,,,
Data engineer/ Инженер по данным (удаленно),https://krasnodar.hh.ru/vacancy/55218492?from=vacancy_search_list&hhtmFrom=vacancy_search_list&query=Data%20Scientist,билайн: ИТ и Digital,https://hh.ru/,,,
Data Scientist,https://krasnodar.hh.ru/vacancy/52466493?from=vacancy_search_list&hhtmFrom=vacancy_search_list&query=Data%20Scientist,ПАО МТС Банк. Головной офис,https://hh.ru/,,,
Data scientist (Персонализация),https://krasnodar.hh.ru/vacancy/54829296?from=vacancy_search_list&hhtmFrom=vacancy_search_list&query=Data%20Scientist,"Компания «СПОРТМАСТЕР», Sportmaster Lab",https://hh.ru/,,,
"Data Scientist, Поиск и Каталог, NLP",https://krasnodar.hh.ru/vacancy/55433924?from=vacancy_search_list&hhtmFrom=vacancy_search_list&query=Data%20Scientist,Ozon Информационные технологии,https://hh.ru/,,,
Commercial Data Scientist / Эксперт по наукоемким методам анализа данных в сфере маркетинга и продаж,https://krasnodar.hh.ru/vacancy/55048457?from=vacancy_search_list&hhtmFrom=vacancy_search_list&query=Data%20Scientist,Bayer,https://hh.ru/,,,
Бизнес-аналитик в Data science,https://krasnodar.hh.ru/vacancy/55517668?from=vacancy_search_list&hhtmFrom=vacancy_search_list&query=Data%20Scientist,Сбер. Data Science,https://hh.ru/,,,
Data Scientist,https://krasnodar.hh.ru/vacancy/54925403?from=vacancy_search_list&hhtmFrom=vacancy_search_list&query=Data%20Scientist,dentsu,https://hh.ru/,,,
ML Engineer / Data Scientist,https://krasnodar.hh.ru/vacancy/54766218?from=vacancy_search_list&hhtmFrom=vacancy_search_list&query=Data%20Scientist,ООО Эр-1,https://hh.ru/,,,
Data Engineer (MTS AI),https://krasnodar.hh.ru/vacancy/55100061?from=vacancy_search_list&hhtmFrom=vacancy_search_list&query=Data%20Scientist,"ПАО «МТС», IT",https://hh.ru/,,,
Senior Data Scientist,https://krasnodar.hh.ru/vacancy/55441882?from=vacancy_search_list&hhtmFrom=vacancy_search_list&query=Data%20Scientist,Hoodies,https://hh.ru/,5000.0,5000.0,USD
Data scientist,https://krasnodar.hh.ru/vacancy/55257381?from=vacancy_search_list&hhtmFrom=vacancy_search_list&query=Data%20Scientist,ПАО Промсвязьбанк,https://hh.ru/,,,
Data Scientist,https://krasnodar.hh.ru/vacancy/54979394?from=vacancy_search_list&hhtmFrom=vacancy_search_list&query=Data%20Scientist,Cитидрайв,https://hh.ru/,,,
Senior Research Engineer / Data Scientist,https://krasnodar.hh.ru/vacancy/50996908?from=vacancy_search_list&hhtmFrom=vacancy_search_list&query=Data%20Scientist,The Skolkovo Institute of Science and Technology,https://hh.ru/,,,
Senior Research Engineer / Data Scientist,https://krasnodar.hh.ru/vacancy/50996908?from=vacancy_search_list&hhtmFrom=vacancy_search_list&query=Data%20Scientist,The Skolkovo Institute of Science and Technology,https://hh.ru/,,,
"Ведущий аналитик/Senior data Scientist/Data Analyst (Machine learning, ML, нейронные сети)",https://krasnodar.hh.ru/vacancy/50981618?from=vacancy_search_list&hhtmFrom=vacancy_search_list&query=Data%20Scientist,ПАО ТрансКонтейнер,https://hh.ru/,,,
Data Scientist,https://krasnodar.hh.ru/vacancy/54753402?from=vacancy_search_list&hhtmFrom=vacancy_search_list&query=Data%20Scientist,ООО Кловер Групп,https://hh.ru/,250000300000.0,250000300000.0,руб.
Python developer (MLOps),https://krasnodar.hh.ru/vacancy/55856392?from=vacancy_search_list&hhtmFrom=vacancy_search_list&query=Data%20Scientist,Wisebits,https://hh.ru/,3500.0,3500.0,EUR
Data Science Team Lead,https://krasnodar.hh.ru/vacancy/50442368?from=vacancy_search_list&hhtmFrom=vacancy_search_list&query=Data%20Scientist,билайн: ИТ и Digital,https://hh.ru/,,,
"Machine Learning Engineer (ML, Infrastructure)",https://krasnodar.hh.ru/vacancy/53209019?from=vacancy_search_list&hhtmFrom=vacancy_search_list&query=Data%20Scientist,Greenscreens.AI,https://hh.ru/,3000.0,3000.0,EUR
Senior Data Scientist/ML Engineer SberDevices,https://krasnodar.hh.ru/vacancy/53269426?from=vacancy_search_list&hhtmFrom=vacancy_search_list&query=Data%20Scientist,Сбер для экспертов,https://hh.ru/,,,
Senior Data Scientist,https://krasnodar.hh.ru/vacancy/55458328?from=vacancy_search_list&hhtmFrom=vacancy_search_list&query=Data%20Scientist,Pre-Interviews,https://hh.ru/,20003000.0,20003000.0,USD
Data Scientist,https://krasnodar.hh.ru/vacancy/54908640?from=vacancy_search_list&hhtmFrom=vacancy_search_list&query=Data%20Scientist,ООО НТехЛаб,https://hh.ru/,,,
Junior Data Scientist Управления модельных рисков и валидации,https://krasnodar.hh.ru/vacancy/55373640?from=vacancy_search_list&hhtmFrom=vacancy_search_list&query=Data%20Scientist,Банк ВТБ (ПАО),https://hh.ru/,,,
Lead Data Scientist,https://krasnodar.hh.ru/vacancy/55474355?from=vacancy_search_list&hhtmFrom=vacancy_search_list&query=Data%20Scientist,Сбер. Data Science,https://hh.ru/,,,
Data scientist по построению моделей оценки кредитного риска (Big Data),https://krasnodar.hh.ru/vacancy/43366306?from=vacancy_search_list&hhtmFrom=vacancy_search_list&query=Data%20Scientist,Банк ВТБ (ПАО),https://hh.ru/,,,
Data scientist (разработка моделей оценки кредитного риска для клиентов корпоративного бизнеса),https://krasnodar.hh.ru/vacancy/55531454?from=vacancy_search_list&hhtmFrom=vacancy_search_list&query=Data%20Scientist,Банк ВТБ (ПАО),https://hh.ru/,,,
Data Scientist (Remote),https://krasnodar.hh.ru/vacancy/55415075?from=vacancy_search_list&hhtmFrom=vacancy_search_list&query=Data%20Scientist,ООО АБК,https://hh.ru/,,,
"Data scientist / Machine learning engineer (команда рекомендаций и машинного обучения, ВКонтакте)",https://krasnodar.hh.ru/vacancy/55357188?from=vacancy_search_list&hhtmFrom=vacancy_search_list&query=Data%20Scientist,"VK, Социальные сети, Одноклассники",https://hh.ru/,,,
Team Lead Data Scientist Департамента машинного обучения и работе с данными,https://krasnodar.hh.ru/vacancy/50141582?from=vacancy_search_list&hhtmFrom=vacancy_search_list&query=Data%20Scientist,АльфаСтрахование,https://hh.ru/,,,
Аналитик Data Scientist,https://krasnodar.hh.ru/vacancy/55316490?from=vacancy_search_list&hhtmFrom=vacancy_search_list&query=Data%20Scientist,ИНВИТРО,https://hh.ru/,,,
Data scientist Управления модельных рисков и валидации,https://krasnodar.hh.ru/vacancy/54585048?from=vacancy_search_list&hhtmFrom=vacancy_search_list&query=Data%20Scientist,Банк ВТБ (ПАО),https://hh.ru/,,,
Data Scientist,https://krasnodar.hh.ru/vacancy/54920334?from=vacancy_search_list&hhtmFrom=vacancy_search_list&query=Data%20Scientist,Яндекс,https://hh.ru/,,,
Data scientist / Исследователь-программист данных,https://krasnodar.hh.ru/vacancy/55306481?from=vacancy_search_list&hhtmFrom=vacancy_search_list&query=Data%20Scientist,ООО РТК Автоматика,https://hh.ru/,115000172000.0,115000172000.0,руб.
Data-Scientist/Researcher,https://krasnodar.hh.ru/vacancy/55348074?from=vacancy_search_list&hhtmFrom=vacancy_search_list&query=Data%20Scientist,Star-Staff,https://hh.ru/,,,
Research Engineer / Data Scientist,https://krasnodar.hh.ru/vacancy/50072394?from=vacancy_search_list&hhtmFrom=vacancy_search_list&query=Data%20Scientist,The Skolkovo Institute of Science and Technology,https://hh.ru/,,,
Senior Data scientist / Team lead Data scientist,https://krasnodar.hh.ru/vacancy/54913575?from=vacancy_search_list&hhtmFrom=vacancy_search_list&query=Data%20Scientist,"ПАО МегаФон, IT",https://hh.ru/,,,
Senior Data Scientist,https://krasnodar.hh.ru/vacancy/55532051?from=vacancy_search_list&hhtmFrom=vacancy_search_list&query=Data%20Scientist,Bell Integrator,https://hh.ru/,,,
Data engineer \ analyst (развитие источников данных Big Data),https://krasnodar.hh.ru/vacancy/55349207?from=vacancy_search_list&hhtmFrom=vacancy_search_list&query=Data%20Scientist,Tele2,https://hh.ru/,,,
Data Scientist (Fintech),https://krasnodar.hh.ru/vacancy/54694063?from=vacancy_search_list&hhtmFrom=vacancy_search_list&query=Data%20Scientist,РобоФинанс,https://hh.ru/,,,
Lead data scientist,https://krasnodar.hh.ru/vacancy/52421169?from=vacancy_search_list&hhtmFrom=vacancy_search_list&query=Data%20Scientist,Дром,https://hh.ru/,300000.0,300000.0,руб.
Методолог данных (Data Steward),https://krasnodar.hh.ru/vacancy/55529618?from=vacancy_search_list&hhtmFrom=vacancy_search_list&query=Data%20Scientist,АО ФИНАМ,https://hh.ru/,,,
Data scientist (middle/senior),https://krasnodar.hh.ru/vacancy/51812421?from=vacancy_search_list&hhtmFrom=vacancy_search_list&query=Data%20Scientist,СберМегаМаркет,https://hh.ru/,,,
Data engineer (Middle/Senor),https://krasnodar.hh.ru/vacancy/55216592?from=vacancy_search_list&hhtmFrom=vacancy_search_list&query=Data%20Scientist,билайн: ИТ и Digital,https://hh.ru/,,,
Data Scientist (Telco),https://krasnodar.hh.ru/vacancy/55333690?from=vacancy_search_list&hhtmFrom=vacancy_search_list&query=Data%20Scientist,Sifox,https://hh.ru/,,,
Аналитик/Data Scientist,https://krasnodar.hh.ru/vacancy/51895906?from=vacancy_search_list&hhtmFrom=vacancy_search_list&query=Data%20Scientist,ООО Инновационная мобильность,https://hh.ru/,,,
Data Scientist,https://krasnodar.hh.ru/vacancy/55276605?from=vacancy_search_list&hhtmFrom=vacancy_search_list&query=Data%20Scientist,"Hi, Rockits!",https://hh.ru/,,,
Администратор на ML платформу (MLOps),https://krasnodar.hh.ru/vacancy/55062779?from=vacancy_search_list&hhtmFrom=vacancy_search_list&query=Data%20Scientist,билайн: ИТ и Digital,https://hh.ru/,,,
Lead data scientist (Антифрод),https://krasnodar.hh.ru/vacancy/55424210?from=vacancy_search_list&hhtmFrom=vacancy_search_list&query=Data%20Scientist,Сбер для экспертов,https://hh.ru/,,,
Senior Data Scientist (оценка моделей),https://krasnodar.hh.ru/vacancy/55307831?from=vacancy_search_list&hhtmFrom=vacancy_search_list&query=Data%20Scientist,"«РОСБАНК, Societe Generale Group»",https://hh.ru/,,,
Data Analyst ( Data Scientist ),https://krasnodar.hh.ru/vacancy/55185255?from=vacancy_search_list&hhtmFrom=vacancy_search_list&query=Data%20Scientist,ООО МКК КапиталЪ-НТ,https://hh.ru/,,,
Data scientist,https://krasnodar.hh.ru/vacancy/54854359?from=vacancy_search_list&hhtmFrom=vacancy_search_list&query=Data%20Scientist,"ПАО МегаФон, IT",https://hh.ru/,,,
Lead Data Scientist ML/CV,https://krasnodar.hh.ru/vacancy/55120326?from=vacancy_search_list&hhtmFrom=vacancy_search_list&query=Data%20Scientist,Сбер для экспертов,https://hh.ru/,,,
Data Scientist,https://krasnodar.hh.ru/vacancy/55288167?from=vacancy_search_list&hhtmFrom=vacancy_search_list&query=Data%20Scientist,Marksman,https://hh.ru/,,,
ML Engineer/ Data Scientist (WAF),https://krasnodar.hh.ru/vacancy/55302256?from=vacancy_search_list&hhtmFrom=vacancy_search_list&query=Data%20Scientist,Positive Technologies,https://hh.ru/,,,
Senior Data Scientist (remote),https://krasnodar.hh.ru/vacancy/52248238?from=vacancy_search_list&hhtmFrom=vacancy_search_list&query=Data%20Scientist,РобоФинанс,https://hh.ru/,,,
Data Scientist / ML-разработчик,https://krasnodar.hh.ru/vacancy/55232457?from=vacancy_search_list&hhtmFrom=vacancy_search_list&query=Data%20Scientist,Российская академия народного хозяйства и государственной службы при Президенте Российской Федерации,https://hh.ru/,150000200000.0,150000200000.0,руб.
Data Scientist (Asia),https://krasnodar.hh.ru/vacancy/55301713?from=vacancy_search_list&hhtmFrom=vacancy_search_list&query=Data%20Scientist,ID Finance,https://hh.ru/,,,
Data scientist/разработка моделей оценки кредитного риска для клиентов малого и среднего бизнеса,https://krasnodar.hh.ru/vacancy/43694876?from=vacancy_search_list&hhtmFrom=vacancy_search_list&query=Data%20Scientist,Diamond Personnel R&C,https://hh.ru/,,,
Data scientist,https://krasnodar.hh.ru/vacancy/55262041?from=vacancy_search_list&hhtmFrom=vacancy_search_list&query=Data%20Scientist,АО ФИНАМ,https://hh.ru/,,,
Data Scientist в направление «Ценообразование»,https://krasnodar.hh.ru/vacancy/51649877?from=vacancy_search_list&hhtmFrom=vacancy_search_list&query=Data%20Scientist,Профи (profi.ru),https://hh.ru/,,,
Дата-сайентист / Data Scientist [Computer Vision],https://krasnodar.hh.ru/vacancy/55142314?from=vacancy_search_list&hhtmFrom=vacancy_search_list&query=Data%20Scientist,ООО ГридПоинт Дайнамикс,https://hh.ru/,,,
Data Scientist,https://krasnodar.hh.ru/vacancy/55232568?from=vacancy_search_list&hhtmFrom=vacancy_search_list&query=Data%20Scientist,"ООО Mars (CHOCOLATE, PETCARE, FOOD)",https://hh.ru/,,,
Data Scientist,https://krasnodar.hh.ru/vacancy/55171134?from=vacancy_search_list&hhtmFrom=vacancy_search_list&query=Data%20Scientist,Wisebits,https://hh.ru/,4000.0,4000.0,руб.
Middle ML / Data Science разработчик,https://krasnodar.hh.ru/vacancy/55277835?from=vacancy_search_list&hhtmFrom=vacancy_search_list&query=Data%20Scientist,Центр хранения и анализа больших данных,https://hh.ru/,170000.0,170000.0,руб.
Data Analyst / Data Scientist (SQL/Oracle),https://krasnodar.hh.ru/vacancy/55221077?from=vacancy_search_list&hhtmFrom=vacancy_search_list&query=Data%20Scientist,"ВСК, САО",https://hh.ru/,,,
Data Scientist (SberDevices),https://krasnodar.hh.ru/vacancy/51784863?from=vacancy_search_list&hhtmFrom=vacancy_search_list&query=Data%20Scientist,Сбер. IT,https://hh.ru/,,,
Data-scientist / Anti-fraud / Scorecard developer,https://krasnodar.hh.ru/vacancy/55185669?from=vacancy_search_list&hhtmFrom=vacancy_search_list&query=Data%20Scientist,ООО МКК КапиталЪ-НТ,https://hh.ru/,,,
Руководитель направления оптимизации рекламы / Data Scientist,https://krasnodar.hh.ru/vacancy/55387911?from=vacancy_search_list&hhtmFrom=vacancy_search_list&query=Data%20Scientist,Сбер для экспертов,https://hh.ru/,,,
Data scientist (директор) в управление процессных и финансовых моделей,https://krasnodar.hh.ru/vacancy/54854132?from=vacancy_search_list&hhtmFrom=vacancy_search_list&query=Data%20Scientist,Банк ВТБ (ПАО),https://hh.ru/,,,
Middle Data Scientist,https://krasnodar.hh.ru/vacancy/55204391?from=vacancy_search_list&hhtmFrom=vacancy_search_list&query=Data%20Scientist,Контур,https://hh.ru/,,,
Senior Data Scientist,https://krasnodar.hh.ru/vacancy/55297453?from=vacancy_search_list&hhtmFrom=vacancy_search_list&query=Data%20Scientist,Marksman,https://hh.ru/,,,
Аналитик (Data Scientist),https://krasnodar.hh.ru/vacancy/53316766?from=vacancy_search_list&hhtmFrom=vacancy_search_list&query=Data%20Scientist,ПАО БАНК УРАЛСИБ,https://hh.ru/,,,
Data Engineer направления разработки витрин данных,https://krasnodar.hh.ru/vacancy/55376830?from=vacancy_search_list&hhtmFrom=vacancy_search_list&query=Data%20Scientist,"Иннотех, Группа компаний",https://hh.ru/,,,
Data Scientist,https://krasnodar.hh.ru/vacancy/53926467?from=vacancy_search_list&hhtmFrom=vacancy_search_list&query=Data%20Scientist,Бизнес Трэвел Джоб,https://hh.ru/,150000250000.0,150000250000.0,руб.
Data Scientist (ML) в Delivery Club,https://krasnodar.hh.ru/vacancy/55257860?from=vacancy_search_list&hhtmFrom=vacancy_search_list&query=Data%20Scientist,"VK, Delivery Club",https://hh.ru/,,,
Data scientist,https://krasnodar.hh.ru/vacancy/55280538?from=vacancy_search_list&hhtmFrom=vacancy_search_list&query=Data%20Scientist,more.tv,https://hh.ru/,,,
Data scientist/Analyst,https://krasnodar.hh.ru/vacancy/55108035?from=vacancy_search_list&hhtmFrom=vacancy_search_list&query=Data%20Scientist,Spice Agency,https://hh.ru/,250000.0,250000.0,руб.
Data scientist (опыт со scoring моделями),https://krasnodar.hh.ru/vacancy/55277595?from=vacancy_search_list&hhtmFrom=vacancy_search_list&query=Data%20Scientist,ООО Кадровый Метод,https://hh.ru/,,,
Data Scientist,https://krasnodar.hh.ru/vacancy/55172701?from=vacancy_search_list&hhtmFrom=vacancy_search_list&query=Data%20Scientist,SegmentStream,https://hh.ru/,,,
Data Scientist,https://krasnodar.hh.ru/vacancy/55088164?from=vacancy_search_list&hhtmFrom=vacancy_search_list&query=Data%20Scientist,"Иннотех, Группа компаний",https://hh.ru/,,,
Data scientist,https://krasnodar.hh.ru/vacancy/55131650?from=vacancy_search_list&hhtmFrom=vacancy_search_list&query=Data%20Scientist,Лига Цифровой Экономики,https://hh.ru/,,,
Data scientist (computer vision),https://krasnodar.hh.ru/vacancy/54141419?from=vacancy_search_list&hhtmFrom=vacancy_search_list&query=Data%20Scientist,АО Гознак,https://hh.ru/,225000.0,225000.0,руб.
Data scientist (эксперт) в управление процессных и финансовых моделей,https://krasnodar.hh.ru/vacancy/54845874?from=vacancy_search_list&hhtmFrom=vacancy_search_list&query=Data%20Scientist,Банк ВТБ (ПАО),https://hh.ru/,,,
"Биоинформатик / Data scientist (тематика - онкология), отдел АиПМБРЗ",https://krasnodar.hh.ru/vacancy/53275770?from=vacancy_search_list&hhtmFrom=vacancy_search_list&query=Data%20Scientist,ФГБУ ЦСП ФМБА России,https://hh.ru/,,,
Data Scientist (DS SWAT),https://krasnodar.hh.ru/vacancy/55064673?from=vacancy_search_list&hhtmFrom=vacancy_search_list&query=Data%20Scientist,АВИТО ТЕХ: разработка,https://hh.ru/,,,
Junior Data Scientist for NLP (Python),https://krasnodar.hh.ru/vacancy/55046966?from=vacancy_search_list&hhtmFrom=vacancy_search_list&query=Data%20Scientist,ООО Алгоритмические Системы,https://hh.ru/,,,
Data Scientist / ML-инженер,https://krasnodar.hh.ru/vacancy/55079861?from=vacancy_search_list&hhtmFrom=vacancy_search_list&query=Data%20Scientist,Медиалогия,https://hh.ru/,,,
Data Scientist NLP Core,https://krasnodar.hh.ru/vacancy/52839181?from=vacancy_search_list&hhtmFrom=vacancy_search_list&query=Data%20Scientist,Сбер. IT,https://hh.ru/,,,
Head of Data Science,https://krasnodar.hh.ru/vacancy/55205459?from=vacancy_search_list&hhtmFrom=vacancy_search_list&query=Data%20Scientist,Tele2,https://hh.ru/,,,
Data Engineer,https://krasnodar.hh.ru/vacancy/55120832?from=vacancy_search_list&hhtmFrom=vacancy_search_list&query=Data%20Scientist,"Иннотех, Группа компаний",https://hh.ru/,,,
Data scientist,https://krasnodar.hh.ru/vacancy/55117625?from=vacancy_search_list&hhtmFrom=vacancy_search_list&query=Data%20Scientist,Сбер. IT,https://hh.ru/,,,
Middle/Senior Data Scientist,https://krasnodar.hh.ru/vacancy/55051085?from=vacancy_search_list&hhtmFrom=vacancy_search_list&query=Data%20Scientist,JuicyScore,https://hh.ru/,200000.0,200000.0,руб.
Data Scientist - Risk Models Developer,https://krasnodar.hh.ru/vacancy/55049120?from=vacancy_search_list&hhtmFrom=vacancy_search_list&query=Data%20Scientist,UniCredit Bank,https://hh.ru/,,,
Data Scientist,https://krasnodar.hh.ru/vacancy/55142213?from=vacancy_search_list&hhtmFrom=vacancy_search_list&query=Data%20Scientist,Сбер для экспертов,https://hh.ru/,,,
Data scientist,https://krasnodar.hh.ru/vacancy/53380404?from=vacancy_search_list&hhtmFrom=vacancy_search_list&query=Data%20Scientist,ООО СберОбразование,https://hh.ru/,,,
Data Scientist/BackEnd (Python),https://krasnodar.hh.ru/vacancy/55118075?from=vacancy_search_list&hhtmFrom=vacancy_search_list&query=Data%20Scientist,ООО Азимут Технолоджи,https://hh.ru/,120000160000.0,120000160000.0,руб.
Data Scientist,https://krasnodar.hh.ru/vacancy/55120846?from=vacancy_search_list&hhtmFrom=vacancy_search_list&query=Data%20Scientist,Бэнкс Софт Системс,https://hh.ru/,,,
Data Scientist в команду Чат-Боты,https://krasnodar.hh.ru/vacancy/55079938?from=vacancy_search_list&hhtmFrom=vacancy_search_list&query=Data%20Scientist,Сбер. IT,https://hh.ru/,,,
Data Scientist / Machine Learning Engineer,https://krasnodar.hh.ru/vacancy/54563781?from=vacancy_search_list&hhtmFrom=vacancy_search_list&query=Data%20Scientist,ГБУЗ «Научно-практический клинический центр диагностики и телемедицинских технологий ДЗМ»,https://hh.ru/,100000.0,100000.0,руб.
Data Scientist,https://krasnodar.hh.ru/vacancy/55096509?from=vacancy_search_list&hhtmFrom=vacancy_search_list&query=Data%20Scientist,Сбер для экспертов,https://hh.ru/,,,
Data Scientist в команду Automated Moderation (antifraud),https://krasnodar.hh.ru/vacancy/55081674?from=vacancy_search_list&hhtmFrom=vacancy_search_list&query=Data%20Scientist,АВИТО ТЕХ: разработка,https://hh.ru/,,,
Senior Data Scientist (UA),https://krasnodar.hh.ru/vacancy/54618349?from=vacancy_search_list&hhtmFrom=vacancy_search_list&query=Data%20Scientist,Playrix,https://hh.ru/,,,
Senior Data scientist,https://krasnodar.hh.ru/vacancy/54549975?from=vacancy_search_list&hhtmFrom=vacancy_search_list&query=Data%20Scientist,Okko,https://hh.ru/,,,
Lead Data Scientist (Кампании продаж),https://krasnodar.hh.ru/vacancy/55073338?from=vacancy_search_list&hhtmFrom=vacancy_search_list&query=Data%20Scientist,Сбер. Data Science,https://hh.ru/,,,
Middle/Senior Data Scientist,https://krasnodar.hh.ru/vacancy/54947623?from=vacancy_search_list&hhtmFrom=vacancy_search_list&query=Data%20Scientist,WILDBERRIES,https://hh.ru/,,,
Middle-Senior Data Scientist,https://krasnodar.hh.ru/vacancy/55035088?from=vacancy_search_list&hhtmFrom=vacancy_search_list&query=Data%20Scientist,АО Гринатом,https://hh.ru/,,,
ML инженер / Data Scientist,https://krasnodar.hh.ru/vacancy/55130518?from=vacancy_search_list&hhtmFrom=vacancy_search_list&query=Data%20Scientist,ООО Go Mobile,https://hh.ru/,,,
Data Analytics Lead,https://krasnodar.hh.ru/vacancy/55231543?from=vacancy_search_list&hhtmFrom=vacancy_search_list&query=Data%20Scientist,"ООО Mars (CHOCOLATE, PETCARE, FOOD)",https://hh.ru/,,,
Data - инженер,https://krasnodar.hh.ru/vacancy/55064656?from=vacancy_search_list&hhtmFrom=vacancy_search_list&query=Data%20Scientist,Сбер. Data Science,https://hh.ru/,,,
"Bioinformatics scientist, Yerevan",https://krasnodar.hh.ru/vacancy/55019585?from=vacancy_search_list&hhtmFrom=vacancy_search_list&query=Data%20Scientist,ООО БОСТОНДЖИН,https://hh.ru/,,,
Lead/Senior data scientist,https://krasnodar.hh.ru/vacancy/55144693?from=vacancy_search_list&hhtmFrom=vacancy_search_list&query=Data%20Scientist,АО РТ Лабс,https://hh.ru/,,,
Спикер на курс по Data Science (Machine Learning),https://krasnodar.hh.ru/vacancy/54412835?from=vacancy_search_list&hhtmFrom=vacancy_search_list&query=Data%20Scientist,Skillbox,https://hh.ru/,,,
Senior Data Scientist на продукт рекламная платформа МТС,https://krasnodar.hh.ru/vacancy/55243594?from=vacancy_search_list&hhtmFrom=vacancy_search_list&query=Data%20Scientist,"ПАО «МТС», IT",https://hh.ru/,,,
Разработчик ETL/Data Engineer,https://krasnodar.hh.ru/vacancy/55126660?from=vacancy_search_list&hhtmFrom=vacancy_search_list&query=Data%20Scientist,Лига Цифровой Экономики,https://hh.ru/,,,
Senior Research Scientist,https://krasnodar.hh.ru/vacancy/47173112?from=vacancy_search_list&hhtmFrom=vacancy_search_list&query=Data%20Scientist,HUAWEI,https://hh.ru/,,,
AI researcher,https://krasnodar.hh.ru/vacancy/55254758?from=vacancy_search_list&hhtmFrom=vacancy_search_list&query=Data%20Scientist,HUAWEI,https://hh.ru/,,,
Проджект-менеджер / Бизнес-аналитик в ИТ-продукт,https://krasnodar.hh.ru/vacancy/55104841?from=vacancy_search_list&hhtmFrom=vacancy_search_list&query=Data%20Scientist,ООО БСТ Менеджмент-Консалтинг,https://hh.ru/,,,
Data scientist,https://krasnodar.hh.ru/vacancy/55041422?from=vacancy_search_list&hhtmFrom=vacancy_search_list&query=Data%20Scientist,КИБЕР-РОМ,https://hh.ru/,200000350000.0,200000350000.0,руб.
Data Scientist (Computer Vision) - Junior,https://krasnodar.hh.ru/vacancy/55390769?from=vacancy_search_list&hhtmFrom=vacancy_search_list&query=Data%20Scientist,Федеральное автономное учреждение Государственный Научно-Исследовательский Институт Авиационных Систем,https://hh.ru/,,,
Data Scientist,https://krasnodar.hh.ru/vacancy/54659098?from=vacancy_search_list&hhtmFrom=vacancy_search_list&query=Data%20Scientist,ООО СтандартПроект,https://hh.ru/,,,
Data Scientist/ML,https://krasnodar.hh.ru/vacancy/55463028?from=vacancy_search_list&hhtmFrom=vacancy_search_list&query=Data%20Scientist,Банк Хоум Кредит,https://hh.ru/,,,
Data Scientist (Junior),https://krasnodar.hh.ru/vacancy/54475492?from=vacancy_search_list&hhtmFrom=vacancy_search_list&query=Data%20Scientist,ООО Строительный Двор,https://hh.ru/,45000100000.0,45000100000.0,руб.
Стажер Data Engineer/Data Аналитик в команду Блока «Сеть продаж»,https://krasnodar.hh.ru/vacancy/55348138?from=vacancy_search_list&hhtmFrom=vacancy_search_list&query=Data%20Scientist,Сбер. IT,https://hh.ru/,,,
Стажёр Data Scientist / Группа сервисов Антифрод / Антибот,https://krasnodar.hh.ru/vacancy/55156731?from=vacancy_search_list&hhtmFrom=vacancy_search_list&query=Data%20Scientist,Ozon Информационные технологии,https://hh.ru/,,,
Data Scientist в Сбер,https://krasnodar.hh.ru/vacancy/55064629?from=vacancy_search_list&hhtmFrom=vacancy_search_list&query=Data%20Scientist,Сбер. Data Science,https://hh.ru/,,,
Junior Data Scientist (Валидация скоринговых моделей),https://krasnodar.hh.ru/vacancy/55127390?from=vacancy_search_list&hhtmFrom=vacancy_search_list&query=Data%20Scientist,Банк ВТБ (ПАО),https://hh.ru/,,,
Риск - Аналитик (Junior Data scientist),https://krasnodar.hh.ru/vacancy/55095363?from=vacancy_search_list&hhtmFrom=vacancy_search_list&query=Data%20Scientist,ООО МКК КапиталЪ-НТ,https://hh.ru/,,,
Senior Python разработчик,https://krasnodar.hh.ru/vacancy/55858817?from=vacancy_search_list&hhtmFrom=vacancy_search_list&query=Data%20Scientist,ANABAR,https://hh.ru/,,,
Системный аналитик (Геймификация),https://krasnodar.hh.ru/vacancy/51627402?from=vacancy_search_list&hhtmFrom=vacancy_search_list&query=Data%20Scientist,билайн: ИТ и Digital,https://hh.ru/,,,
Аналитик (Монетизация),https://krasnodar.hh.ru/vacancy/55865645?from=vacancy_search_list&hhtmFrom=vacancy_search_list&query=Data%20Scientist,"VK, Delivery Club",https://hh.ru/,,,
Lead Data Engineer,https://krasnodar.hh.ru/vacancy/55227321?from=vacancy_search_list&hhtmFrom=vacancy_search_list&query=Data%20Scientist,Admitad,https://hh.ru/,,,
Middle Инженер данных / Middle DE (удалённо),https://krasnodar.hh.ru/vacancy/54250967?from=vacancy_search_list&hhtmFrom=vacancy_search_list&query=Data%20Scientist,билайн: ИТ и Digital,https://hh.ru/,,,
Ведущий менеджер по целевому маркетингу (senior),https://krasnodar.hh.ru/vacancy/55088959?from=vacancy_search_list&hhtmFrom=vacancy_search_list&query=Data%20Scientist,билайн,https://hh.ru/,,,
Senior Python Developer ( Serbia/Bulgaria),https://krasnodar.hh.ru/vacancy/55586629?from=vacancy_search_list&hhtmFrom=vacancy_search_list&query=Data%20Scientist,Schaffhausen Institute of Technology,https://hh.ru/,,,
Senior Python-разработчик,https://krasnodar.hh.ru/vacancy/54899635?from=vacancy_search_list&hhtmFrom=vacancy_search_list&query=Data%20Scientist,"Hi, Rockits!",https://hh.ru/,400000.0,400000.0,руб.
Senior C++ Developer / Team Leader,https://krasnodar.hh.ru/vacancy/55871816?from=vacancy_search_list&hhtmFrom=vacancy_search_list&query=Data%20Scientist,HUAWEI,https://hh.ru/,,,
Бизнес-аналитик BI- Digital и CRM,https://krasnodar.hh.ru/vacancy/55588931?from=vacancy_search_list&hhtmFrom=vacancy_search_list&query=Data%20Scientist,Банк ВТБ (ПАО),https://hh.ru/,,,
Python-разработчик с функционалом DE (Рекомендательная платформа),https://krasnodar.hh.ru/vacancy/55583567?from=vacancy_search_list&hhtmFrom=vacancy_search_list&query=Data%20Scientist,Сбер. IT,https://hh.ru/,,,
Менеджер по продажам курсов в сфере IT и Digital в Synergy Academy,https://krasnodar.hh.ru/vacancy/55585455?from=vacancy_search_list&hhtmFrom=vacancy_search_list&query=Data%20Scientist,СИНЕРГИЯ,https://hh.ru/,5500080000.0,5500080000.0,руб.
Senior PHP Developer (Subscriptions),https://krasnodar.hh.ru/vacancy/55597306?from=vacancy_search_list&hhtmFrom=vacancy_search_list&query=Data%20Scientist,Xsolla,https://hh.ru/,,,
Fullstack React/Nodejs developer (Site Builder),https://krasnodar.hh.ru/vacancy/55577253?from=vacancy_search_list&hhtmFrom=vacancy_search_list&query=Data%20Scientist,Xsolla,https://hh.ru/,,,
Python Developer (Middle),https://krasnodar.hh.ru/vacancy/55517531?from=vacancy_search_list&hhtmFrom=vacancy_search_list&query=Data%20Scientist,Сбер. Data Science,https://hh.ru/,,,
Продакт-менеджер,https://krasnodar.hh.ru/vacancy/54032844?from=vacancy_search_list&hhtmFrom=vacancy_search_list&query=Data%20Scientist,РОССКО,https://hh.ru/,250000.0,250000.0,руб.
QA Automation Engineer (Python),https://krasnodar.hh.ru/vacancy/55421899?from=vacancy_search_list&hhtmFrom=vacancy_search_list&query=Data%20Scientist,Сбер. IT,https://hh.ru/,,,
Scala разработчик,https://krasnodar.hh.ru/vacancy/55421975?from=vacancy_search_list&hhtmFrom=vacancy_search_list&query=Data%20Scientist,Сбер. IT,https://hh.ru/,,,
Продакт-менеджер (бренд Lynx),https://krasnodar.hh.ru/vacancy/54848643?from=vacancy_search_list&hhtmFrom=vacancy_search_list&query=Data%20Scientist,РОССКО,https://hh.ru/,250000.0,250000.0,руб.
AR-HUD/ AR Algorithm Engineer,https://krasnodar.hh.ru/vacancy/55388034?from=vacancy_search_list&hhtmFrom=vacancy_search_list&query=Data%20Scientist,HUAWEI,https://hh.ru/,,,
Senior Python Developer (MLOps tool + OpenSource / US-startup),https://krasnodar.hh.ru/vacancy/55365278?from=vacancy_search_list&hhtmFrom=vacancy_search_list&query=Data%20Scientist,Hunt For You,https://hh.ru/,60008000.0,60008000.0,USD
Менеджер продукта (Тинькофф Бизнес),https://krasnodar.hh.ru/vacancy/55379546?from=vacancy_search_list&hhtmFrom=vacancy_search_list&query=Data%20Scientist,Тинькофф,https://hh.ru/,,,
Senior Python Developer,https://krasnodar.hh.ru/vacancy/55341672?from=vacancy_search_list&hhtmFrom=vacancy_search_list&query=Data%20Scientist,Сбер для экспертов,https://hh.ru/,,,
Технический специалист в сфере искусственного интеллекта (ИИ),https://krasnodar.hh.ru/vacancy/54790163?from=vacancy_search_list&hhtmFrom=vacancy_search_list&query=Data%20Scientist,Российская академия народного хозяйства и государственной службы при Президенте Российской Федерации,https://hh.ru/,,,
Senior DS (BigQuery ML),https://krasnodar.hh.ru/vacancy/55319314?from=vacancy_search_list&hhtmFrom=vacancy_search_list&query=Data%20Scientist,Marksman,https://hh.ru/,,,
Senior Data Engineer,https://krasnodar.hh.ru/vacancy/51617657?from=vacancy_search_list&hhtmFrom=vacancy_search_list&query=Data%20Scientist,Циан,https://hh.ru/,,,
QA Automation Engineer (Python),https://krasnodar.hh.ru/vacancy/54830427?from=vacancy_search_list&hhtmFrom=vacancy_search_list&query=Data%20Scientist,ООО ИЦ АЙ-ТЕКО,https://hh.ru/,,,
Middle/Senior ETL разработчик (Phyton),https://krasnodar.hh.ru/vacancy/55128339?from=vacancy_search_list&hhtmFrom=vacancy_search_list&query=Data%20Scientist,ООО АЙТИ.СПЕЙС,https://hh.ru/,350000.0,350000.0,руб.
Ведущий HR Менеджер (направление IT),https://krasnodar.hh.ru/vacancy/52482076?from=vacancy_search_list&hhtmFrom=vacancy_search_list&query=Data%20Scientist,НСК,https://hh.ru/,,,
Data Engineer,https://krasnodar.hh.ru/vacancy/54766611?from=vacancy_search_list&hhtmFrom=vacancy_search_list&query=Data%20Scientist,UniCredit Bank,https://hh.ru/,,,
Data engineer / Дата инженер / ETL разработчик,https://krasnodar.hh.ru/vacancy/54719524?from=vacancy_search_list&hhtmFrom=vacancy_search_list&query=Data%20Scientist,Частное учреждение по цифровизации атомной отрасли «Цифрум»,https://hh.ru/,,,
QA Automation Engineer (Python),https://krasnodar.hh.ru/vacancy/54855570?from=vacancy_search_list&hhtmFrom=vacancy_search_list&query=Data%20Scientist,Сбер. IT,https://hh.ru/,,,
Аналитик (страховые риски),https://krasnodar.hh.ru/vacancy/54925522?from=vacancy_search_list&hhtmFrom=vacancy_search_list&query=Data%20Scientist,Тинькофф,https://hh.ru/,,,
Инженер данных (Data Office),https://krasnodar.hh.ru/vacancy/45652212?from=vacancy_search_list&hhtmFrom=vacancy_search_list&query=Data%20Scientist,Сибур,https://hh.ru/,,,
Инженер сопровождения (2 линия поддержки),https://krasnodar.hh.ru/vacancy/53933659?from=vacancy_search_list&hhtmFrom=vacancy_search_list&query=Data%20Scientist,Сбер. IT,https://hh.ru/,,,
Senior Client Consultant,https://krasnodar.hh.ru/vacancy/55224020?from=vacancy_search_list&hhtmFrom=vacancy_search_list&query=Data%20Scientist,NielsenIQ,https://hh.ru/,,,
Старший аналитик Отдел развития хранилищ данных,https://krasnodar.hh.ru/vacancy/54300274?from=vacancy_search_list&hhtmFrom=vacancy_search_list&query=Data%20Scientist,НКО Национальный Клиринговый Центр (АО),https://hh.ru/,,,
Ведущий Scala разработчик,https://krasnodar.hh.ru/vacancy/54829478?from=vacancy_search_list&hhtmFrom=vacancy_search_list&query=Data%20Scientist,ООО ИЦ АЙ-ТЕКО,https://hh.ru/,,,
Программист,https://krasnodar.hh.ru/vacancy/54448794?from=vacancy_search_list&hhtmFrom=vacancy_search_list&query=Data%20Scientist,ООО Кварта-Рад,https://hh.ru/,120000240000.0,120000240000.0,руб.
Директор по данным,https://krasnodar.hh.ru/vacancy/53234750?from=vacancy_search_list&hhtmFrom=vacancy_search_list&query=Data%20Scientist,Газпромбанк,https://hh.ru/,,,
Системный администратор/ Инженер сопровождения,https://krasnodar.hh.ru/vacancy/50637763?from=vacancy_search_list&hhtmFrom=vacancy_search_list&query=Data%20Scientist,Сбер для экспертов,https://hh.ru/,,,
IT Recruiter,https://krasnodar.hh.ru/vacancy/55046716?from=vacancy_search_list&hhtmFrom=vacancy_search_list&query=Data%20Scientist,QIWI,https://hh.ru/,,,
